;id;author_id;created_at;lang;text;classific;score
7;1;0.266741252;2022-06-16 21:23:54+00:00;pt;"COVID: Brasil registra 151 √≥bitos e 32 mil casos nas √∫ltimas 24h. https://t.co/xwE96iaK41 https://t.co/uzfOHrYcRA;;;";positivo;0.7500000000000009
10;2;1.314.646.858;2022-06-16 21:23:54+00:00;pt;"@oelyredna @oatila Oi, tudo bem? Acho que o investimento nessa tecnologia √© interessante porque ela consegue atualizar a vacina bem mais r√°pido que as outras. Eu lembro de um post aqui fazendo essa compara√ß√£o, mas n√£o achei a fonte, foi mal;;;";positivo;0.7137931034482763
11;3;1.818.487.453;2022-06-16 21:23:53+00:00;pt;"RT @rmotta2: Enquanto o mundo caminha para a recess√£o, o Brasil entra em nova era de crescimento.;;;";positivo;0.9156479217603904
13;4;3.327.188.199;2022-06-16 21:23:52+00:00;pt;"@EduardoLeite_ vc conseguiu tirar o cara que salvou o nosso pa√≠s da pandemia, e quem √© vc ?;;;";negativo;0.2499999999999997
15;5;3.475.347.149;2022-06-16 21:23:52+00:00;pt;"RT @10_5_6_5: 1/9) Como surgiram famosos propagadores de fake news: N√£o havia como usar conte√∫do que youtubers publicavam em seus canais co‚Ä¶;;;";negativo;0.2940553515955944
19;6;8.813.982.733;2022-06-16 21:23:46+00:00;pt;"Por que ser√°??? Ser√° que o povo viu que n√£o adianta nada? Ser√° que √© porque tiveram rea√ß√£o √† vacina? üëÄüëÄ;;;";negativo;0.2499999999999997
21;7;8.710.309.634;2022-06-17 21:23:52+00:00;pt;"@JackssonAndre @PapaPezzoo @geglobo Ano passado teve pandemia, quando liberou o est√°dio total foi 60 mil;;;";negativo;0.37195121951219473
24;8;2.441.055.102;2022-06-17 21:23:50+00:00;pt;"@beltraomaria Estou com covid pela segunda vez, na primeira foi osso, essa segunda, gra√ßas a Deus, estou bem!;;;";negativo;0.37500000000000044
27;9;421.290.862;2022-06-17 21:23:47+00:00;pt;@ShyrlaneK @alesilva_38 ENGRA√áADO √â AUE OS FUNCION√ÅRIOS MAIS ANTIGOS DA PETROBR√ÅS DIZEM QUE QUEM ROUBAVA TUDO QUE ERA LUCRO ERA O LADR√ÉO DE 9 DEDOS,E AGRADECEM O ATUAL GOVERNO POR TENTAR PAGAR A CONTA,PRA ANO QUE VEM,SEM PANDEMIA E OS ROUBOS DELE, A ;positivo;0.8230769230769229
28;10;1.146.398.946;2022-06-18 21:23:54+00:00;pt;"RT @senadorhumberto: Denunciada na CPI da Covid, a Prevent Senior est√° sendo investigada pelo MP de S√£o Paulo por supostos crimes cometidos‚Ä¶;;;";positivo;0.7825964991023343
34;11; - ; - ;pt;"Kenobi;;;";positivo;0.8437499999999998
36;12; - ; - ;pt;"Umbrella academy"";;;";negativo;0.28048780487804864
39;13;4.615.245.548;2022-06-18 21:23:48+00:00;pt;"Ser√° que ela n√£o entende que as consequ√™ncia do assalto do PT √© um grande respons√°vel pela situa√ß√£o da Petrobras, milhares de empresas fechadas s√≥ em SP, 14 milh√µes de desempregados deixaram o pa√≠s. Isso sem pandemia e sem guerra.;;;";positivo;0.9000000000000002
40;14;5.610.017.141;2022-06-18 21:23:46+00:00;pt;"Imagina s√≥ que tem gente que tem medo de tomar vacina pq diz que tem chip da China, mas n√£o tem medo de dar todos seus dados gen√©ticos para uma empresa qualquer https://t.co/IUEqC2yxX5;;;";positivo;0.9833442730554617
41;15;611.484.265.130.275.000.000;2022-06-18 21:23:46+00:00;pt;"√â in√∫til discutir com quem acredita que a China estava implantando chip com a vacina e que rem√©dio de verme mata v√≠rus.;;;";positivo;0.846398305084746
42;16;711.407.048;2022-06-18 21:23:45+00:00;pt;"RT @PedroRonchi2: N√£o percam tempo discutindo com bolsonaristas, foquem nas pessoas que tem c√©rebro. Lembrem-se que eles acreditaram que a‚Ä¶;;;";positivo;0.7000000000000001
47;17;527.687.919;2022-06-19 21:23:54+00:00;pt;"Oi? √â chato mas o empregador Estado em Portugal n√£o despede ningu√©m porque engravidou ou derivados. A escola p√∫blica formou milhares de portugueses. Quando precis√°mos, numa pandemia, recorremos todos ao SNS. O meu sonho √© um doente com tratamento caro ser tratado de borla https://t.co/JrFvkhctiD;;;";positivo;0.749999999999999
48;18;5.434.140.871;2022-06-19 21:23:48+00:00;pt;"@chico_psol Fazendo + 1 ""motociata"" pat√©tica, sem capacete viu @policiafederal, justamente no Amazonas onde Dom e Bruno foram assassinados ü§¶üèΩüò¢ O pa√≠s com combust√≠vel a pre√ßo de d√≥lar, milh√µes de famintos e 670k mortes por covid. Ele est√° c";negativo;0.25
49;19;6.628.239.201;2022-06-19 21:23:46+00:00;pt;"@mineiro1brasil @HugoVelasques74 Fui pra escola b√≠blica de manh√£, mas agora vou n√£o, muita tosse eu e esposa, na minha rua metade das pessoas t√° com covid.;;;";positivo;0.9705882352941161
50;20;7.915.194.478;2022-06-19 21:23:45+00:00;pt;"RT @LucianoHangBr: Felipe Neto pega Covid pela 3¬™ vez e Osmar Terra alfineta: ""2 anos de isolamento"" https://t.co/Qb72eSs6U6;;;";negativo;0.375
55;21;6.746.645.878;2022-06-20 21:23:46+00:00;pt;@ibs94 @em_com N√£o houve injusti√ßa, trabalhei com os dados do v√≠deo em quest√£o com os de hoje para argumentar que se o Eduardo questionava o pre√ßo daquela √©poca, porque estamos pior ainda? Est√° mais caro do que na √©poca comentada por ele, mesmo le;negativo;0.25
57;22;8.614.450.961;2022-06-20 21:23:44+00:00;pt;"N√£o deixe sua prote√ß√£o de lado, Vacine-se! Foram mais de 500 milh√µes de doses de vacinas distribu√≠das e vamos continuar aplicando. Fique atento √†s doses de refor√ßo e complete seu esquema vacinal. Em caso de sintomas, fa√ßa o teste.;;;";positivo;0.6926531770045385
58;23; - ; - ;pt;"Para saber mais, acesse https://t.co/AUjx20ugPy https://t.co/BMaR9EpEu0"";;;";positivo;0.6249999999999998
59;24;9.236.129.904;2022-06-20 21:23:43+00:00;pt;"@MTSacra @CFDanniel @g1 Nada era p Covid, a doen√ßa nunca tinha sido ouvida antes! Ent√£o valia tudo p quem iria morrer! Afinal n√£o √© f√°cil s√≥ ficar esperando por uma vacinada q era dose √∫nica e virou 4 doses!;;;";positivo;0.7104187946884577
68;25; - ; - ;pt;"Um novo estudo realizado pela Universidade do Colorado, conduzido por v√°rios m√©dicos descobriu‚Ä¶"";;;";negativo;0.125
70;26;4.214.741.007;2022-06-21 21:23:51+00:00;pt;"Bicho s√≥ foi tirar essas m√°scaras que j√° t√¥ na terceira crise gripal no ano mas que inferno. Passei 2 anos de pandemia, peguei nada no olho do furac√£o;;;";negativo;0.2777777777777777
71;27;481.254.077.833.741.000.000;2022-06-21 21:23:50+00:00;pt;"RT @OsmarTerra: E Serrana? O munic√≠pio vitrine da vacina√ß√£o em massa com a  Coronavac‚Ä¶ case do Butantan‚Ä¶ vacinou quase toda a popula√ß√£o em‚Ä¶;;;";negativo;0.23828124999999978
72;28;5.049.678.519;2022-06-21 21:23:50+00:00;pt;"@jooaopedro12 melhoras mano, e va fazer o teste de covid, h√° 2 meses atras eu tava assim e era covid;;;";positivo;0.8857615894039731
79;29;2.710.646.646;2022-06-22 21:23:52+00:00;pt;@lksolveig @lasiermartins Se viu que coisa mulher, os caras financiam tratores, trocam dinheiro do mec poe ouro, negocia vacina com empresa fantasma, cria or√ßamento secreto, tudo isso sem haver nenhuma fiscaliza√ß√£o, tudo por fora da lei ! Que doideira ;negativo;0.16666666666666688
81;30;3.413.726.353;2022-06-22 21:23:51+00:00;pt;"RT @randolfeap: Nossa luta em defesa da VIDA continua! ;;;";negativo;0.2499999999999997
83;31;3.813.719.552;2022-06-22 21:23:51+00:00;pt;"RT @randolfeap: Nossa luta em defesa da VIDA continua! ;;;";negativo;0.2499999999999997
85;32;501.432.732.865.570.000.000;2022-06-22 21:23:49+00:00;pt;"@Tali_Mito22 Marina Silva com COVID;;;";positivo;0.9000000000000002
86;33;5.637.531.846;2022-06-22 21:23:48+00:00;pt;"@AndradeRNegro2 Semana passada ela me pegou. Sintomas leves, tudo muito tranquilo, devido as 4 doses de vacina. Ainda sem saber como me contaminei.;;;";positivo;0.7065217391304341
88;34;8.411.286.117;2022-06-22 21:23:45+00:00;pt;"RT @randolfeap: Nossa luta em defesa da VIDA continua! ;;;";negativo;0.2499999999999997
94;35;3.014.863.332;2022-06-23 21:23:52+00:00;pt;"RT @Ferdeg2017: Prender o Milton Ribeiro √© f√°cil, quero ver prender o Z√© Dirceu, o Renan Calheiros, o Lula, o Paulinho da For√ßa, o Sarney,‚Ä¶;;;";positivo;0.6874999999999996
100;36;7.427.955.916;2022-06-23 21:23:47+00:00;pt;@randolfeap @senadorgiordano Seu grau de idiotice beira a dem√™ncia, CPI circense igual a da COVID, puramente teatral para seus eleitores asseclas e esquerdopatas, voc√™s s√£o doentes, voc√™ ainda sofrer√° o troco sendo alijado da vida p√∫blica , voc√™ √©;negativo;0.2499999999999997
103;37;9.915.103.097;2022-06-23 21:23:45+00:00;pt;"@Felipin07_5316 @jotaplaystv ""por causa da vacina"" como se a culpa fosse da vacina e n√£o da burrice dele;;;";positivo;0.75
110;38;2.697.697.886;2022-06-24 21:23:51+00:00;pt;"RT @carmelonetobr: URGENTE: Ipea aponta que o desempregou caiu para 9,4% em abril, o MENOR √çNDICE dos √∫ltimos SETE ANOS. √â isso mesmo que v‚Ä¶;;;";negativo;0.2499999999999997
111;39;2.932.344.685;2022-06-24 21:23:51+00:00;pt;"@guilhermeqdL @roque_mn Tem vacina de febre aftosa hj n√£o, volta outro dia pf;;;";negativo;0.09999999999999992
115;40;4.614.809.768;2022-06-24 21:23:49+00:00;pt;"RT @carmelonetobr: URGENTE: Ipea aponta que o desempregou caiu para 9,4% em abril, o MENOR √çNDICE dos √∫ltimos SETE ANOS. √â isso mesmo que v‚Ä¶;;;";negativo;0.2499999999999997
122;41;7.087.687.344;2022-06-24 21:23:46+00:00;pt;"RT @carmelonetobr: URGENTE: Ipea aponta que o desempregou caiu para 9,4% em abril, o MENOR √çNDICE dos √∫ltimos SETE ANOS. √â isso mesmo que v‚Ä¶;;;";negativo;0.2499999999999997
123;42;861.253.478.637.355.000.000;2022-06-24 21:23:44+00:00;pt;"A CPI da COVID-19 foi um circo. A CPI do MEC e a das assinaturas falsa da Senadora. Ser√° a CPI onde o palha√ßo pode terminar enforcado com a pr√≥pria corda que teceu. Vamos aguardar o andar da carruagem. PR .cada vez mais forte toda vez que tentam destruir ele ressurge das cinzas. https://t.co/rbp8ZQFxG8;;;";negativo;0.2894736842105276
124;43;9.485.259.448;2022-06-24 21:23:43+00:00;pt;"RT @AmazoniaAzulBR: Guerra, pandemia, crise h√≠drica e mesmo assim conseguiu menor patamar de desemprego em 7 anos.;;;";positivo;0.75
129;44; - ; - ;pt;"Resultado √© fruto dos esfor√ßos do Governo Federal no combate √† p‚Ä¶"";;;";positivo;0.6458333333333333
133;45;261.257.415;2022-06-25 21:23:51+00:00;pt;"RT @renatobarrosbr: Os mesmos que est√£o dizendo que a decis√£o da Suprema Corte americana ""fere as liberdades individuais"", fizeram campanha‚Ä¶;;;";negativo;0.2499999999999997
135;46; - ; - ;pt;Pandemia e Guerra. 3 anos e 7 meses com Seca;positivo;0.7500000000000009
140;47;6.812.999.004;2022-06-25 21:23:44+00:00;pt;@CondutoideRay Krl Ray, n√£o sabia que vc tinha passado por tanta merda assim, ano passado eu me senti muito desse jeito pois n√£o tinha nenhuma sensa√ß√£o de pertencimento no grupo de amigos online que eu tinha e n√£o tinha praticamente mais contato nenh;positivo;0.8440453686200375
143;48; - ; - ;pt;" A popula√ß√£o ocupada em abril chegou a 97,8‚Ä¶"";;;";negativo;0.2499999999999997
144;49;1.116.246.333;2022-06-26 21:23:54+00:00;pt;"RT @gracieartsz: vc prefere esmalte preto, vermelho ou branco? pq cresci sendo aluna nota 10 que sempre se cobrou muito, mas dps da pandemi‚Ä¶;;;";positivo;0.75
145;50;91.491.229.543.339.800.000;2022-06-26 21:23:54+00:00;pt;"RT @schmittpaula: Desde de Mar√ßo 2021 j√° se sabia q pa√≠ses europeus suspenderam a Astrazeneca por causa d co√°gulos. Bruno Graff morreu por‚Ä¶;;;";negativo;0.16666666666666688
146;51;1.474.432.483;2022-06-26 21:23:53+00:00;pt;"E a racista que come√ßou a agredir verbalmente o enfermeiro no shopping recife na fila da vacina e todo mundo filmando e gritando quando v√™ o enfermeiro simplesmente tira a carteira de policial e a leva PRESA https://t.co/qr2xc49YFD;;;";negativo;0.3947368421052628
147;52;1.878.254.814;2022-06-26 21:23:53+00:00;pt;"RT @gracieartsz: vc prefere esmalte preto, vermelho ou branco? pq cresci sendo aluna nota 10 que sempre se cobrou muito, mas dps da pandemi‚Ä¶;;;";positivo;0.75
149;53; - ; - ;pt;n√£o tem nada. N√£o adianta;negativo;0.2499999999999997
150;54; - ; - ;pt; maior crise financeira em 80 anos o Brasil segue crescendo. Mesmo o mundo passando por maior pandemia dos √∫ltimos 100 anos;positivo;0.8807189542483653
152;55;241.143.527;2022-06-26 21:23:52+00:00;pt;"RT @gracieartsz: vc prefere esmalte preto, vermelho ou branco? pq cresci sendo aluna nota 10 que sempre se cobrou muito, mas dps da pandemi‚Ä¶;;;";positivo;0.75
160;56;281.870.238.930;2022-06-27 21:23:52+00:00;pt;"RT @LumenaAleluia: a maior fake news da hist√≥ria foi que a pandemia nos tornaria pessoas melhores;;;";negativo;0.2940553515955944
162;57;441.146.975.869.409.000.000;2022-06-27 21:23:49+00:00;pt;"@eulucas_crf Fugiu da covid que ele n√£o √© bobo. √â grupo de alto risco.;;;";negativo;0.0999999999999998
164;58; - ; - ;pt;"*Via @PlenoNews ;;;";positivo;0.6463414634146343
167;59; - ; - ;pt;"*Via @PlenoNews ;;;";positivo;0.6463414634146343
170;60;641.093.538.342.778.000.000;2022-06-27 21:23:47+00:00;pt;"@LumenaAleluia Com o desespero e suas pr√≥prias vidas em risco. Era mais que visto que a humanidade se tornaria pior depois de uma pandemia.;;;";positivo;0.8470550981633954
175;61;7.812.505.061;2022-06-27 21:23:46+00:00;pt;"@ClauCanuto @sincero_sg @schmittpaula Essa filha das trevas tinha que ser presa !! O rem√©dio existe a 100anos.N√£o tem contra indica√ß√£o nem pra crian√ßa .;;;";positivo;0.9166666666666673
176;62; - ; - ;pt;"Meu pai toma de 20 em 20 dias desde o in√≠cio da Pandemia,  viajou ao lado de uma senhor que assim que chegou da viagem foi entubado por Covid e ele nada"";;;";negativo;0.11682242990654228
177;63;9.012.167.451;2022-06-27 21:23:45+00:00;pt;"a minha m√£e quer me colocar pra fazer a crisma ano q vem... mas mano, como explicar pra ela q eu sou agn√≥stica (quase ateia) e j√° perdi a f√© religiosa desde o come√ßo da pandemia?? Queria falar p ela mas tenho receio de q ela n aceite(ela √© bem religiosa ent √© bem prov√°vel. Pqp;;;";positivo;0.9375000000000007
178;64;98.237.078.766;2022-06-27 21:23:44+00:00;pt;"RT @venecasagrande: Matheus Fran√ßa desceu do avi√£o tamb√©m e est√° fora do jogo Tolima x Flamengo. Ele testou positivo para COVID.;;;";negativo;0.2499999999999997
180;65;1.613.809.487;2022-06-28 21:23:53+00:00;pt;"RT @jairbolsonaro: - Se fosse pela sa√∫de, n√£o estariam na praia, no futebol ou passeando em Miami enquanto obrigavam voc√™ a ficar em casa,‚Ä¶;;;";positivo;0.6999999999999993
182;66; - ; - ;pt;"An√°lise da Fiocruz mostra que Nordeste lidera mortes; n√∫mero total √© o triplo em rela√ß√£o aos EUA;;";negativo;0.37195121951219495
186;67;42.109.428;2022-06-28 21:23:51+00:00;pt;"cara eu nunca tive infec√ß√£o de urina, nem catapora e nem conjuntivite ((e n peguei covid;;;";negativo;0.2499999999999997
189;68;913.293.271.889;2022-06-28 21:23:47+00:00;pt;"@sthexs amiga mas independente de covid tem estudos sobre como a quarentena afetou a mem√≥ria;;;";positivo;0.75
191;69;9.510.703.931;2022-06-28 21:23:47+00:00;pt;"RT @CarlosBolsonaro: F√°bio Porchat: ‚Äúfique em casa que a economia a gente v√™ depois‚Äù e use m√°scara. V√≠deo de junho de 2020, em plena pandem‚Ä¶;;;";negativo;0.15247933884297524
196;70;7.108.154.133;2022-06-29 21:23:54+00:00;pt;"RT @salimmattarbr: A CPI do MEC se aprovada, vai acabar em pizza igual a CPI da Covid que apenas deu palanque para certos senadores j√° bem‚Ä¶;;;";positivo;0.6874999999999996
205;71;3.374.802.341;2022-06-29 21:23:51+00:00;pt;"RT @farias_leonidas: E Disse a atriz senadora que n√£o se importou que a CPI da pandemia terminasse em PIZZA;;;";positivo;0.6874999999999996
208;72;4.656.177.691;2022-06-29 21:23:50+00:00;pt;"@falagbrlsns @anathaismatos N√£o conhe√ßo os atuais para julgar... mas lembrei agora do Ivan Grava que se demitiu no caso do Covid e o Bruno Mazziotti que hoje est√° fazendo milagre no Arsenal, eles devem fazer falta nesse DM;;;";positivo;0.9166666666666673
209;73;5.072.077.177;2022-06-29 21:23:49+00:00;pt;"RT @salimmattarbr: A CPI do MEC se aprovada, vai acabar em pizza igual a CPI da Covid que apenas deu palanque para certos senadores j√° bem‚Ä¶;;;";positivo;0.6874999999999996
220;74;891.243.916;2022-06-29 21:23:46+00:00;pt;"RT @OficialAdeodato: Pedro Guimar√£es √© um dos integrantes do governo com os melhores resultados a frente de uma estatal.;;;";negativo;0.284090909090909
225;75; - ; - ;pt;"Mas agora injetar esse recurso infelizmente eleitoreiro, mas ser√° um alento para quem s√≥ tem √°gua para tomar como refei√ß√£o."";;;";positivo;0.75
228;76; - ; - ;pt;"‚ÄúEstou voltando do trabalho depois de terminar minha agenda!!! Estou t√£o orgulhoso de v√°rias man‚Ä¶"";;;";positivo;0.6176470588235293
230;77;186.454.444;2022-07-02 21:23:54+00:00;pt;"Rapaz, foi s√≥ ver uns filmezinhos √°gua com a√ß√∫car na Netflix e eu quase desidrato. O combo isolamento + COVID + rem√©dios mil faz cada coisa que sei l√° (com a voz do Tadeu de Pantanar!üòú);;;";positivo;0.6428571428571421
231;78;2.311.678.385;2022-07-02 21:23:51+00:00;pt;"RT @isissuruagy: Glr descobriram uma variante mt letal do covid que age no cortex central do cerebro, os sintomas s√£o grav√≠ssimos e causam‚Ä¶;;;";positivo;0.7165749379152969
234;79;555.947.216;2022-07-03 21:23:54+00:00;pt;"@FredLAFernandes Tive uma forma leve de Covid h√° quase um m√™s (depois de quatro doses), a tosse seca passou r√°pido, persiste a fadiga, que parece n√£o ter fim e leve congest√£o nasal.;;;";negativo;0.3643497757847532
236;80;2.612.225.716;2022-07-03 21:23:52+00:00;pt;"ontem fui no meu primeiro evento p√∫blico municipal desde a pandemia e desde o carnaval de 2020. ;;;";negativo;0.12499999999999985
253;81; - ; - ;pt;"F√© em Jesus Cristo ‚úùÔ∏è;;;";positivo;0.7291666666666666
257;82; - ; - ;pt;"üíâ 1¬™ dose foi em 2018;;;";negativo;0.23469387755101984
270;83;7.810.346.508;2022-07-04 21:23:46+00:00;pt;"RT @sideologica: Os grupo que mais morre de COVID s√£o os homens mas o destaque da manchete s√£o as mulheres.;;;";positivo;0.75
274;84;555.947.216;2022-07-03 21:23:54+00:00;pt;"@FredLAFernandes Tive uma forma leve de Covid h√° quase um m√™s (depois de quatro doses), a tosse seca passou r√°pido, persiste a fadiga, que parece n√£o ter fim e leve congest√£o nasal.;;;";negativo;0.3643497757847532
276;85;2.612.225.716;2022-07-03 21:23:52+00:00;pt;"ontem fui no meu primeiro evento p√∫blico municipal desde a pandemia e desde o carnaval de 2020. ;;;";negativo;0.12499999999999985
293;86; - ; - ;pt;"F√© em Jesus Cristo ‚úùÔ∏è;;;";positivo;0.7291666666666666
297;87; - ; - ;pt;"üíâ 1¬™ dose foi em 2018;;;";negativo;0.23469387755101984
310;88;7.810.346.508;2022-07-04 21:23:46+00:00;pt;"RT @sideologica: Os grupo que mais morre de COVID s√£o os homens mas o destaque da manchete s√£o as mulheres.;;;";positivo;0.75
314;89;595.410.351;2022-07-05 21:23:54+00:00;pt;"RT @FlavioCadegiani: Uma pessoa voluntariamente compartilha um efeito que teve ‚Äúcoincidentemente‚Äù logo ap√≥s a 4a dose de ‚Äúvacina‚Äù para COVI‚Ä¶;;;";negativo;0.2674418604651165
315;90;1.012.703.193;2022-07-05 21:23:54+00:00;pt;@AndrelPaiva10 @pablomarcal As empresas dele foram multadas pq n√£o cumpriu lockdown. Fez evento com mais de 2 mil pessoas em plena pandemia, eu estive ano passado no resort, n√£o deixou tirar foto lacrou os celulares,  pq se tivesse vazado ia dar ruim pa;positivo;0.887755102040816
316;91;1.213.101.566;2022-07-05 21:23:54+00:00;pt;"RT @geovanneofc: Depois que me recuperei do COVID finalmente, mais uma arte pros senhores üî•üî• o que acharam? https://t.co/7DwTrrLf6P;;;";negativo;0.284090909090909
317;92;158.175.102;2022-07-05 21:23:53+00:00;pt;"RT @anabchamploni: Biroliro e sua trupe de comensais da morte, digo ministros, s√£o um experimento do que acontece as pessoas se pegarem Cov‚Ä¶;;;";positivo;0.75
318;93;551.136.436.897.717.000.000;2022-07-05 21:23:50+00:00;pt;"Mano nunca aspirei e apliquei tanta vacina igual hj na moral t√¥ vendo bra√ßo e ampola at√© agora;;;";positivo;0.7474226804123716
320;94;8.313.295.566;2022-07-05 21:23:48+00:00;pt;"@folha A ci√™ncia n√£o mente, Mario Frias. Toma mais cloroquina ,negou a vacina encheu o rabo de cloroquina  se lascou .;;;";negativo;0.32142857142857145
321;95; - ; - ;pt;"N√£o precisa colocar oxig√™nio pra ele l√° ‚Ä¶ esses gados ai  vivem   sem oxig√™nio ok https://t.co/T9PxKxIX2v"";;;";negativo;0.2499999999999997
330;96;2.528.699.135;2022-07-07 21:23:52+00:00;pt;"@iloveyouseI amg, vai sim, eu tava queimando em febre ontem e dei positivo p covid :(;;;";negativo;0.09999999999999992
333;97;5.113.859.669;2022-07-07 21:23:50+00:00;pt;"@ojedabtc porra ojeda vamos ser sinceros? n√£o d√° pra ficar quieto contra o lula e colocar ele e o bolsonaro como iguais, no m√≠nimo a inten√ß√£o do bolsonaro √© melhor (privatiza√ß√µes, liberdade na pandemia etc);;;";negativo;0.26963350785340334
334;98;7.897.735.887;2022-07-07 21:23:47+00:00;pt;"@serialkrller eu tbm, antes da pandemia eu era feliz;;;";positivo;0.8230769230769229
335;99;2.528.699.135;2022-07-07 21:23:52+00:00;pt;"@iloveyouseI amg, vai sim, eu tava queimando em febre ontem e dei positivo p covid :(;;;";negativo;0.09999999999999992
338;100;5.013.859.669;2022-07-07 21:23:50+00:00;pt;"@ojedabtc porra ojeda vamos ser sinceros? n√£o d√° pra ficar quieto contra o lula e colocar ele e o bolsonaro como iguais, no m√≠nimo a inten√ß√£o do bolsonaro √© melhor (privatiza√ß√µes, liberdade na pandemia etc);;;";negativo;0.26963350785340334
339;101;7.797.735.887;2022-07-07 21:23:47+00:00;pt;"@serialkrller eu tbm, antes da pandemia eu era feliz;;;";positivo;0.8230769230769229
342;102;4.814.023.113;2022-07-08 21:23:50+00:00;pt;"@Berg__s @levisback As falas dele durante a  serie "" isso √© tudo culpa da midia""""jornalistazinho de merda""  Isso √© fake news"" "" podem sair de casa, t√° seguro "" (refer√™ncia a pandemia).;;;";negativo;0.2940553515955944
343;103; - ; - ;pt;" Deus √© nosso salvador"""";;;";positivo;0.6428571428571421
345;104; - ; - ;pt;"E s√≥ citei 5% das falas kkkk"";;;";positivo;0.9166666666666673
346;105;7.210.247.662;2022-07-08 21:23:47+00:00;pt;"RT @JornalBSM: A partir de nova atualiza√ß√£o nos dados do SUS, o especialista em armazenamento de dados, Lorenzo Ridolfi, comprovou que pess‚Ä¶;;;";positivo;0.9722222222222205
348;106;9.899.935.401;2022-07-08 21:23:43+00:00;pt;"Quando eu penso que eu irei ficar boa das quedas de cabelo, a√≠ vem o COVID e me tomba. üò≠;;;";positivo;0.9166666666666673
351;107; - ; - ;pt;"O governo do Sri Lanka cortou 7 impostos e diminuiu o IVA de 15% para 8%, o turismo que praticamente sustentava o pa√≠s teve forte queda devido a Covid e com as privatiza√ß√µes dos √∫ltimos 50 anos, o estado tem pouca fonte de arrecada√ß√£o. https://t.co/xEsbjyvrnQ"";;;";negativo;0.25000000000000033
353;108;943.589.696;2022-07-09 21:23:41+00:00;pt;"meu deus, meu c√©rebro derreteu por causa da covid. Ele j√° era ruim, mas eu n√£o consigo mais nem colocar as ideias em ordem, parece que eu to chapado de um jeito ruim;;;";positivo;0.736238532110093
354;109;301.541.163.729.705.000.000;2022-07-10 21:23:50+00:00;pt;"RT @hipersurf: Ant√≥nio Costa; o pa√≠s n√£o est√° interessado nos casos e casinhos que eles inventam. Inven√ß√µes; 107 mortos por inc√∫ria nos inc‚Ä¶;";positivo;0.6249999999999998
361;110; - ; - ;pt;"F√© em Jesus Cristo ‚úùÔ∏è‚Ä¶"";;;";positivo;0.7291666666666666
366;111;1.790.723.571;2022-07-11 21:23:53+00:00;pt;"RT @leandroruschel: ""Jair Bolsonaro est√° com Covid-19. Tor√ßo para que o quadro se agrave e ele morra. Nada pessoal."";;;";negativo;0.0999999999999998
376;112; - ; - ;pt;"F√© em Jesus Cristo ‚úùÔ∏è;;;";positivo;0.7291666666666666
378;113;6.724.587.233;2022-07-11 21:23:47+00:00;pt;"Ser seu pr√≥prio chefe √© n√£o querer se dar um dia de folga mesmo estando com COVID. Preciso de intermedia√ß√£o com leis trabalhistas.;;;";positivo;0.7500000000000009
382;114;8.521.935.674;2022-07-11 21:23:46+00:00;pt;"RT @leandroruschel: ""Jair Bolsonaro est√° com Covid-19. Tor√ßo para que o quadro se agrave e ele morra. Nada pessoal."";;;";negativo;0.0999999999999998
385;115;3.066.400.149;2022-07-12 21:23:51+00:00;pt;"E amiga da mam√£e falando que fez teste do COVID porque queriansaber como era kkk ela disse que se arrependeu kkk;;;";positivo;0.736238532110092
390;116;3.134.438.217;2022-07-13 21:23:54+00:00;pt;"RT @farias_leonidas: Era mais importante defender a corrup√ß√£o;;;";positivo;0.6079545454545449
393;117;1.312.548.358;2022-07-14 21:23:54+00:00;pt;"RT @alexlimareal: üíâ Covid: quando chegar√° nova gera√ß√£o de vacinas que protegem mais contra variantes;;;";positivo;0.7000000000000001
395;118;1.514.835.203;2022-07-14 21:23:53+00:00;pt;"Bozo Nunca quis o BOLSA FAM√çLIA, N√ÉO QUIS DAR O AUX√çLIO EMERGENCIAL NA PANDEMIA (qnd concordou quis dar 200 reais ) A OPOSI√á√ÉO Q LUTOU PELO POVO BRASILEIRO ,Q ESTAVAM NA  PANDEMIA ,SEM AUX√çLIO E VACINAS ‚õî;;;";positivo;0.9126984126984133
396;119; - ; - ;pt;"ü§î AGORA ESSA #PECkamikaze ELEITOREIRA ! ELE N√ÉO VAI ENGANAR O POVO üáßüá∑üòí https://t.co/lX8wUyQZI7"";;;";negativo;0.2499999999999997
397;120;5.312.581.535;2022-07-14 21:23:48+00:00;pt;"minha tia inconsequente pegou covid em pleno 2022, isso so pode ser sacanagem n eh poss√≠vel;;;";positivo;0.75
399;121;2.951.662.507.084.690.000;2022-07-15 21:23:54+00:00;pt;"@flpsgalo @leandro31082959 @SuperesportesMG @Cruzeiro A pandemia tava onde? Tem probleminha ou se faz de doido. Depois n√£o quer que o Globo Rural fique zoando.;;;";positivo;0.7187500000000001
401;122; - ; - ;pt;"Quanto tempo para a Argentina chegar a este patamar?;;;";positivo;0.6999999999999993
402;123; - ; - ;pt;"Segundo Alberto Fernandez, tudo o q‚Ä¶"";;;";negativo;0.2499999999999997
403;124;631.243.398.475.334.000.000;2022-07-15 21:23:48+00:00;pt;"fiquei papo de 4 horas no posto pra tomar vacina da gripe e covid;;;";positivo;0.6874999999999996
404;125;9.313.767.023;2022-07-15 21:23:44+00:00;pt;"RT @LucianoHangBr: Como diziam os esquerdistas quando a Argentina tava fechando tudo na pandemia ""COMO √â BOM TER PRESIDENTE"" o tempo √© o se‚Ä¶;;;";positivo;0.6999999999999993
406;126;1.788.206.114;2022-07-16 21:23:52+00:00;pt;"RT @import_robs: Ontem fui no primeiro evento com muita gente - ao ar livre - desde o come√ßo da pandemia em 2020.;;;";negativo;0.12499999999999985
409;127;4.015.134.875;2022-07-18 21:23:50+00:00;pt;"RT @depjesse: Socialismo na pr√°tica: a Argentina estendeu a data de validade de vacinas contra a covid-19, prorrogando o prazo por at√© 12 m‚Ä¶;;;";negativo;0.38235294117647034
413;128;1.810.079.377;2022-07-19 23:54:59+00:00;pt;"RT @jairbolsonaro: - Gra√ßas a essas medidas, bem como aquelas implementadas ainda em 2019, como a lei da liberdade econ√¥mica, o Brasil est√°‚Ä¶;;;";negativo;0.2499999999999997
415;129;2.614.211.044;2022-07-19 23:54:56+00:00;pt;@contagemcorona1 √â o resultado de mais de um ano de declara√ß√µes irrespons√°veis contra a vacina vinda de ambos os lados, isto √©, pro e anti-vax. A vacina √© usada em 56 pa√≠ses mas ambos os lados usam a m√©trica ocidental da figura  para falar que ela;positivo;0.8023255813953484
416;130;3.494.885.593;2022-07-19 23:54:55+00:00;pt;"Sarah morreu em 2020 de Covid-19. Um importante filme de sua carreira chama-se Sambizanga. Lan√ßado em 1972, conta a hist√≥ria de Maria, uma mulher que percorre uma cidade angolana em busca do marido Domingos, que foi preso pela pol√≠cia portuguesa ap√≥s conflitos violentos.;;;";negativo;0.17587341443352503
418;131;971.443.777;2022-07-19 23:54:46+00:00;pt;"@barbrum_ Mas eu sei o motivo kkkk num √© Covid n√£o, fica tranquila üòÇüòÇ;;;";positivo;0.9000000000000002
420;132;6.525.192.228;2022-07-20 23:54:51+00:00;pt;"RT @PauloAl79251677: O PS tem desculpas para tudo‚Ä¶ou √© a pandemia, a guerra, os incendi√°rios, as pessoas etc‚Ä¶Mas o Passos Coelho n√£o se pod‚Ä¶;;;";positivo;0.75
422;133;9.613.773.218;2022-07-20 23:54:47+00:00;pt;"@z4ljdb Imagina querer de volta o cara que deixou morreu 600 mil pessoas de Covid kkkk √© o c√∫mulo. Deus falou pra ele n√£o pegar as vacinas ?, que Deus √© esse ?.;;;";negativo;0.08536585365853698
423;134;3.992.304.582;2022-07-21 23:54:56+00:00;pt;"finalmente tomei a 3a dose da AstraZeneca e tenho certeza que a vacina t√° se vingando pelo tempo que eu demorei;;;";positivo;0.6822033898305082
425;135;51.977.873.593.601.200.000;2022-07-21 23:54:55+00:00;pt;"RT @rafaelbboa: Est√£o prontos para um pa√≠s saindo de FALIDO para SUPERAVIT√ÅRIO em apenas 4 anos - sendo 3 vivendo em meio a uma GUERRA MUND‚Ä¶;;;";positivo;0.7812500000000012
427;136; - ; - ;pt;"O coordenador para o v√≠rus da Casa Branca, Dr. Ashish Jha, disse para √† NBC News que o presidente Biden est√° """"cansado"""" e com """"nariz escorrendo e tosse seca""""."";;;";positivo;0.667040358744394
428;137;3.992.304.582;2022-07-21 23:54:56+00:00;pt;"finalmente tomei a 3a dose da AstraZeneca e tenho certeza que a vacina t√° se vingando pelo tempo que eu demorei;;;";positivo;0.6822033898305082
430;138;51.977.873.593.601.200.000;2022-07-21 23:54:55+00:00;pt;"RT @rafaelbboa: Est√£o prontos para um pa√≠s saindo de FALIDO para SUPERAVIT√ÅRIO em apenas 4 anos - sendo 3 vivendo em meio a uma GUERRA MUND‚Ä¶;;;";positivo;0.7812500000000012
432;139; - ; - ;pt;"O coordenador para o v√≠rus da Casa Branca, Dr. Ashish Jha, disse para √† NBC News que o presidente Biden est√° """"cansado"""" e com """"nariz escorrendo e tosse seca""""."";;;";positivo;0.667040358744394
433;140;3.992.304.582;2022-07-21 23:54:56+00:00;pt;finalmente tomei a 3a dose da AstraZeneca e tenho certeza que a vacina t√° se vingando pelo tempo que eu demorei;positivo;0.6822033898305082
435;141;51.977.873.593.601.200.000;2022-07-21 23:54:55+00:00;pt;RT @rafaelbboa: Est√£o prontos para um pa√≠s saindo de FALIDO para SUPERAVIT√ÅRIO em apenas 4 anos - sendo 3 vivendo em meio a uma GUERRA MUND‚Ä¶;positivo;0.7812500000000012
437;142; - ; - ;pt;"O coordenador para o v√≠rus da Casa Branca, Dr. Ashish Jha, disse para √† NBC News que o presidente Biden est√° """"cansado"""" e com """"nariz escorrendo e tosse seca""""."",;;;";positivo;0.667040358744394
438;143;3.992.304.582;2022-07-21 23:54:56+00:00;pt;finalmente tomei a 3a dose da AstraZeneca e tenho certeza que a vacina t√° se vingando pelo tempo que eu demorei;positivo;0.6822033898305082
440;144;5.197.787.359;2022-07-21 23:54:55+00:00;pt;"RT @rafaelbboa: Est√£o prontos para um pa√≠s saindo de FALIDO para SUPERAVIT√ÅRIO em apenas 4 anos - sendo 3 vivendo em meio a uma GUERRA MUND‚Ä¶;";positivo;0.7812500000000012
442;145; - ; - ;pt;"O coordenador para o v√≠rus da Casa Branca  Dr. Ashish Jha  disse para √† NBC News que o presidente Biden est√° """"cansado"""" e com """"nariz escorrendo e tosse seca""""."";";positivo;0.667040358744394
